1234001264293,12W135116110188474
1236004402092,12W125116100202036
1236004402094,12W125116100202038
1236004402095,12W125116100202039
1236004402108,12W125116100202052
1236004402112,12W125116100202056
1236004402113,12W125116100202057
1236004404814,12W125116100202787
1236004404895,12W125116100202868
1236004404900,12W125116100202873
1236004410146,12W125116100204084
1236004410147,12W125116100204085
1236004412105,12W125116100204673
1236004412108,12W125116100204676
1236004412109,12W125116100204677
1236004412112,12W125116100204680
1236004412113,12W125116100204681
1236004414539,12W125116100205247
1236004414545,12W125116100205253
1236004414594,12W125116100205302
1236004415001,12W125116100205609
1236004415010,12W125116100205618
1236004416090,12W125116100206032
1236004417761,12W125116100206615
1236004417817,12W125116100206671
1236004418469,12W125116100206752
1236004418527,12W125116100206766
1236004418530,12W125116100206769
1236004418536,12W125116100206775
1236004418567,12W125116100206806
1236004419458,12W125116100207241
1236004420156,12W125116100207609
1236004420157,12W125116100207610
XH,KSH
